CODICESCUOLA,Provincia,DENOMINAZIONESCUOLA,description:it
UDEE823031,UD,Forni di Sotto,Scuola Primaria
PNAA82902N,PN,S.Vito T-prodoloned.A.D'andrea,Scuola Infanzia
UDEE856049,UD,La Nostra Famiglia-pasian di P.,Scuola Primaria
GOEE81104T,GO,S.Michele D. Carso - L. Slovena,Scuola Primaria
UDAA83103P,UD,Remanzacco (capoluogo),Scuola Infanzia
PNEE80802T,PN,Aviano-giais E.De Amicis,Scuola Primaria
PNEE81309L,PN,TRAMONTI DI SOTTO-MATAN,SCUOLA PRIMARIA
TSPS03000B,TS,Guglielmo Oberdan,Liceo Scientifico
UDEE82301V,UD,Via Nazionale - Ampezzo,Scuola Primaria
PNPS010008,PN,Ls M. Grigoletti,Liceo Scientifico
GOPC009014,GO,Sezione Classica Monfalcone,Liceo Classico
PNEE81204G,PN,"ERTO CASSO ""C. BATTISTI""",SCUOLA PRIMARIA
GOEE80303T,GO,Duca D'aosta,Scuola Primaria
UDAA83104Q,UD,Celestina Blanchini - Moimacco,Scuola Infanzia
UDRI01401T,UD,Ipsia A. Candoni Tolmezzo,Istituto Professionale Industria e Artigianato
UDAA81701A,UD,Colloredo di Montalbano,Scuola Infanzia
UDAA81703C,UD,Plaino,Scuola Infanzia
UDMM82302V,UD,M.Davanzo - Ampezzo,Scuola Primo Grado
GOIC801002,GO,Celso Macor,Istituto Comprensivo
PNAA82901L,PN,S.Vito Tagl- Ligugnanarodari,Scuola Infanzia
UDTF01651Q,UD,SEZIONE SERALE ITI MALIGNANI UDINE,ISTITUTO TECNICO INDUSTRIALE
GOAA81104L,GO,Via Capitello In Lingua Slovena,Scuola Infanzia
PNAA80802L,PN,Budoia-dardago Giovanni Xxiii,Scuola Infanzia
UDAA83102N,UD,Premariacco/ipplis,Scuola Infanzia
PNIC813006,PN,I.C. Valli Meduna-cosa-arzino,Istituto Comprensivo
UDEE856027,UD,Ippolito Nievo - Colloredo,Scuola Primaria
TSTD030007,TS,Ziga Zois-l.Ins.Slovena,Istituto Tecnico Commerciale e per Geometri
TSEE800036,TS,G. Pascoli,Scuola Primaria
GOMM80901N,GO,Marco Polo,Scuola Primo Grado
GORI01101C,GO,Ist. Prof. Manutenzione Ed Ass. Tecnica,Istituto Professionale Industria e Artigianato
UDAA82306V,UD,Lauco,Scuola Infanzia
PNAA812028,PN,Claut,Scuola Infanzia
UDEE81704P,UD,Dino Virgili - Martignacco,Scuola Primaria
UDMM81701E,UD,G.B. Tiepolo - Pagnacco,Scuola Primo Grado
TSEE81702E,TS,F.Finzgar - L.Ins.Slovena,Scuola Primaria
UDPS016018,UD,Sede Ass. Iti Ud,Liceo Scientifico
UDTF01602B,UD,Sede Ass. Iti Ud,Istituto Tecnico Industriale
GOAA80901D,GO,Monsignor Silvano Fain,Scuola Infanzia
UDAA856022,UD,Pasian di Prato-passons,Scuola Infanzia
PNEE80801R,PN,Aviano-villotta C. Cristofori,Scuola Primaria
PNEE81303A,PN,Sequals-cap. Dante Alighieri,Scuola Primaria
PNIS007003,PN,Isis P.Sarpi,Istituto Superiore
TSSD01000L,TS,Enrico e Umberto Nordio,Istituto d'Arte
PNTF01000A,PN,Itst Kennedy,Istituto Tecnico Industriale
UDIC85700X,UD,Iii - Udine,Istituto Comprensivo
GOPS009017,GO,Michelangelo Buonarroti,Liceo Scientifico
PNEE81307E,PN,Meduno A.Manzoni,Scuola Primaria
GOAA80304N,GO,Via Cellottini,Scuola Infanzia
UDMM83102T,UD,I. Nievo - Remanzacco,Scuola Primo Grado
UDMM822012,UD,G. Marconi - Rivignano,Scuola Primo Grado
UDRI014517,UD,CORSO SERALE IPSIA TOLMEZZO,IST PROF INDUSTRIA E ARTIGIANATO
UDAA81702B,UD,Moruzzo,Scuola Infanzia
TSAA817029,TS,Di Barcola - L.Ins.Slovena,Scuola Infanzia
PNEE830034,PN,Pordenone-v.Goldonia.Rosmini,Scuola Primaria
UDIC81700D,UD,Pagnacco - Martignacco,Istituto Comprensivo
UDEE822024,UD,G. Pascoli - Teor,Scuola Primaria
UDAA856011,UD,Santa Caterina,Scuola Infanzia
UDIS01700N,UD,Isis Bonaldo Stringher,Istituto Superiore
PNEE80804X,PN,Aviano-cap. G. Marconi,Scuola Primaria
TSAA80702P,TS,Allegri Folletti,Scuola Infanzia
PNEE81310P,PN,Fanna Aristide Gabelli,Scuola Primaria
TSAA818036,TS,J. Kosuta - L.Ins.Slovena,Scuola Infanzia
GOEE806017,GO,C. Collodi,Scuola Primaria
PNAA813068,PN,Tramonti di Sotto - Matan,Scuola Infanzia
PNRI00701P,PN,Istituto Professionale G.Freschi,Istituto Professionale Industria e Artigianato
UDEE857045,UD,Dante Alighieri,Scuola Primaria
UDAA82203X,UD,Scuola Infanzia Pocenia/torsa,Scuola Infanzia
UDEE81701G,UD,Pagnacco,Scuola Primaria
GOPC002019,GO,Primoz Trubar (lingua Slovena),Liceo Classico
GOTH01101R,GO,I.T. Trasporti e Logistica,Istituto Tecnico Nautico
PNAA813046,PN,Sequals-lestans Monumento Cad.,Scuola Infanzia
UDEE81702L,UD,Moruzzo,Scuola Primaria
UDRC01701L,UD,Ipscar B. Stringher Udine,Istituto Professionale per i Servizi Commerciali
TSMM81701C,TS,Ss.Cirillo e Metodio-l.Ins.Slov,Scuola Primo Grado
PNIC80800P,PN,Ic Aviano,Istituto Comprensivo
PNEE813018,PN,Travesio D.Cernazai,Scuola Primaria
UDIS01600T,UD,Isis A. Malignani Udine,Istituto Superiore
UDEE856038,UD,Guglielmo Marconi - Passons,Scuola Primaria
TSMM80701T,TS,Giancarlo Roli,Scuola Primo Grado
TSIC818007,TS,Ic Opicina-opcine-l.Ins.Slov.,Istituto Comprensivo
PNIS00800V,PN,Istituto Istruzione Superiore F. Flora,Istituto Superiore
GOEE806028,GO,G. Venezian,Scuola Primaria
UDMM857011,UD,Manzoni - Udine,Scuola Primo Grado
GOIS01100R,GO,I.S.I.S. S. Pertini Monfalcone,Istituto Superiore
UDTF01601A,UD,Iti A. Malignani Udine,Istituto Tecnico Industriale
TSIC81700B,TS,Ic V. Bartol-l.Ins.Slov.,Istituto Comprensivo
TSEE80702X,TS,Anna Frank,Scuola Primaria
PNAA813013,PN,Pinzano T.-valeriano Trieste,Scuola Infanzia
UDAA85703V,UD,Udine/ L. Pecile,Scuola Infanzia
PNTD00751P,PN,IST.TECN.ECON.SARPI SERALE,ISTITUTO TECNICO COMMERCIALE
UDRC017512,UD,SEZIONE SERALE IPSCAR STRINGHER UDINE,IST PROF PER I SERVIZI COMMERCIALI
UDEE851046,UD,Dante Alighieri,Scuola Primaria
PNEE808051,PN,"BUDOIA ""G. MARCONI""",SCUOLA PRIMARIA
GOAA80701T,GO,Gianni Rodari,Scuola Infanzia
PNAA813024,PN,Vito D'asio-casiacco Marin,Scuola Infanzia
UDEE81703N,UD,Colloredo di Monte Albano,Scuola Primaria
UDEE857023,UD, Lea D'orlandi ,Scuola Primaria
TSEE81806E,TS,A.Gradnik - L.Ins.Slovena,Scuola Primaria
GORI00301D,GO,L. Da Vinci,Istituto Professionale Industria e Artigianato
GOTF006528,GO,I.T.I. MARCONI - SERALE,ISTITUTO TECNICO INDUSTRIALE
PNEE82002C,PN,S.Giorgio Richinv.E.De Amicis,Scuola Primaria
UDEE857034,UD,Quattro Novembre,Scuola Primaria
UDMM81702G,UD,Sms D.Virgili - Martignacco,Scuola Primo Grado
TSEE807042,TS,Don L. Milani,Scuola Primaria
TSAA80704R,TS,Stelle Alpine,Scuola Infanzia
TSEE81703G,TS,F.Milcinski - L.Ins.Slovena,Scuola Primaria
PNMM80801Q,PN,Padre Marco D'aviano,Scuola Primo Grado
PNEE814025,PN,Pasiano-cecchinim.T.Dicalcutta,Scuola Primaria
UDTN01701T,UD,Sede Ass. Itt B. Stringher Udine,Istituto Tecnico per il Turismo
PNTF004014,PN,Via degli Alpini 1,Istituto Tecnico Industriale
UDAA85701R,UD,Mons. Cossettini Udine,Scuola Infanzia
UDAA85101T,UD,Vittorio Podrecca,Scuola Infanzia
TSAA818058,TS,A. Cok - L.Ins.Slovena,Scuola Infanzia
GOAA806023,GO,Bozzi,Scuola Infanzia
UDAA851041,UD,Francesco Musoni Sanguarzo,Scuola Infanzia
GOIS006009,GO,Is G. Brignoli - L. Einaudi - G. Marconi,Istituto Superiore
GORC003527,GO,"I.P. ""COSSAR"" - SERALE",IST PROF PER I SERVIZI COMMERCIALI
UDEE828023,UD,Buia- Avilla,Scuola Primaria
UDRI01601D,UD,Sede Ass. Iti Ud,Istituto Professionale Industria e Artigianato
TSEE81701D,TS,O.Zupancic - L.Ins.Slovena,Scuola Primaria
TSAA80701N,TS,La Valle Incantata,Scuola Infanzia
PNAA81402X,PN,Pasiano di P.-cap.Mario Lodi,Scuola Infanzia
PNIC820009,PN,Ic Valvasone Arzene Meduna T.,Istituto Comprensivo
GOIC807001,GO,Dante Alighieri,Istituto Comprensivo
PNTA00401B,PN,Via degli Alpini 1,Istituto Tecnico Agrario
UDEE857012,UD,E. De Amicis,Scuola Primaria
UDMM835014,UD,Peloso Gaspari - Latisana,Scuola Primo Grado
TSEE819015,TS,V.Scek - L.Ins.Slovena,Scuola Primaria
GOEE808031,GO,G. Carducci,Scuola Primaria
PNMM82002B,PN,Antonio Pilacorte,Scuola Primo Grado
UDAA85702T,UD,Marco Volpe,Scuola Infanzia
TSIC80700R,TS,Ist. Compr. Giancarlo Roli,Istituto Comprensivo
GOMM807012,GO,Dante Alighieri,Scuola Primo Grado
TSAA80703Q,TS,Il Giardino dei Ciliegi,Scuola Infanzia
UDEE835059,UD,Ronchis,Scuola Primaria
UDEE851035,UD,J. Tomadini - Rualis,Scuola Primaria
PNMM80904P,PN,E. Fermi,Scuola Primo Grado
PNIS00400G,PN,I.S.I.S. Il Tagliamento,Istituto Superiore
TSAA818047,TS,E. Kralj - L.Ins.Slovena,Scuola Infanzia
UDEE851013,UD,A. Manzoni,Scuola Primaria
GOEE80801V,GO,G. Pascoli,Scuola Primaria
GOTF00601T,GO,Guglielmo Marconi,Istituto Tecnico Industriale
UDMM828011,UD,E. Ursella - Buia,Scuola Primo Grado
PNAA820027,PN,S.Giorgio Richinvelda Luchini,Scuola Infanzia
GOAA80801N,GO,Infanzia di San Canzian D'is.,Scuola Infanzia
TSEE807031,TS,U. Pacifico,Scuola Primaria
TSMM80201P,TS,F. Rismondo,Scuola Primo Grado
GOMM80801T,GO,Dante Alighieri,Scuola Primo Grado
PNRC00401E,PN,Via degli Alpini 1,Istituto Professionale per i Servizi Commerciali
GOEE80802X,GO,D. Alighieri,Scuola Primaria
UDMM851012,UD,Elvira e Amalia Piccoli,Scuola Primo Grado
UDEE835026,UD,I. Nievo-fraz.Latisanotta,Scuola Primaria
UDAA82801R,UD,Buia,Scuola Infanzia
PNEE81703N,PN,Chions-cap.Berengario Ortis,Scuola Primaria
TSEE805028,TS,V. Longo,Scuola Primaria
GOEE807013,GO,E. De Amicis,Scuola Primaria
TSEE806013,TS,A. Degrassi,Scuola Primaria
TSEE80701V,TS,F.Lli Visintini,Scuola Primaria
UDAA83501X,UD,Latisana/gorgo,Scuola Infanzia
GOTN011011,GO,Istituto Tecnico per Il Turismo,Istituto Tecnico per il Turismo
GOIC80800R,GO,Alighieri Dante,Istituto Comprensivo
TSIC80200N,TS,Ist. Compr. Iqbal Masih,Istituto Comprensivo
PNRI00601V,PN,Ipsia Carniello Brugnera,Istituto Professionale Industria e Artigianato
UDEE81904A,UD,Scuola Primaria Basiliano,Scuola Primaria
UDIC82800X,UD,Buja,Istituto Comprensivo
UDAA84302X,UD,Udine/ Paparotti,Scuola Infanzia
PNEE81702L,PN,Pravisdomini P. A. Buodo,Scuola Primaria
UDEE83801L,UD,Lestizza,Scuola Primaria
PNEE819028,PN,Zopp.-castions C.C.Costantini,Scuola Primaria
TSMM80702V,TS,Fulvio Tomizza -sez.Stacc.Domio,Scuola Primo Grado
TSIC80300D,TS,Ist. Compr. Tiziana Weiss,Istituto Comprensivo
GOEE80902Q,GO,Fraz. Fossalon,Scuola Primaria
PNTN00601V,PN,I.T. E. Turismo G. Marchesini,Istituto Tecnico per il Turismo
UDEE829041,UD,Fraz. Colugna,Scuola Primaria
UDAA851052,UD,Prepotto/capoluogo,Scuola Infanzia
UDAA82802T,UD,Treppo Grande,Scuola Infanzia
UDAA84301V,UD,Via Baldasseria Media,Scuola Infanzia
UDMM83802L,UD,Faleschini - Lestizza,Scuola Primo Grado
TSAA80801D,TS,Marina Spaccini,Scuola Infanzia
UDAA81501P,UD,Majano/capoluogo,Scuola Infanzia
UDTA00701V,UD,Ita P. D'aquileia,Istituto Tecnico Agrario
PNEE81802C,PN,Fiume V.-bannia E.De Amicis,Scuola Primaria
TSAA80301A,TS,Sergio Laghi,Scuola Infanzia
PNRI00602X,PN,Ipsia della Valentina Sacile,Istituto Professionale Industria e Artigianato
GOAA80803Q,GO,Scuola dell'infanzia di Pieris,Scuola Infanzia
GOAA80802P,GO,Infanzia di Turriaco,Scuola Infanzia
UDEE82902V,UD,Tavagnacco,Scuola Primaria
UDIC835003,UD,Cecilia Deganutti - Latisana,Istituto Comprensivo
UDAA819023,UD,Scuola Infanzia Tomba,Scuola Infanzia
UDEE844021,UD, G. Pascoli  Via Pordenone,Scuola Primaria
TSMM80802P,TS,SC. SEC. I GRADO IN OSPEDALE,SCUOLA PRIMO GRADO
UDAA821045,UD,S. Vito Al Torre,Scuola Infanzia
UDTD007019,UD,Itc Cividale,Istituto Tecnico Commerciale
PNEE81801B,PN,Fiume Veneto-cap.C. Battisti,Scuola Primaria
PNIS006007,PN,I.S.I.S. Sacile - Brugnera,Istituto Superiore
UDIS014006,UD,F.Solari,Istituto Superiore
PNIC819005,PN,Ic Zoppola,Istituto Comprensivo
UDMM819027,UD,G. Ungaretti - Coseano,Scuola Primo Grado
UDEE828045,UD,Giovanni Xxiii Treppo Grande,Scuola Primaria
TSMM80301E,TS,Carlo Stuparich,Scuola Primo Grado
UDAA81601E,UD,Lignano Sabbiadoro,Scuola Infanzia
GORM01101X,GO,Ist. Prof. Servizi di Enogastronomia,Istituto Professionale Industria e Attività Marinare
UDAA82902N,UD,Tavagnacco/adegliacco,Scuola Infanzia
UDEE843047,UD,Ada Negri,Scuola Primaria
TSIC81500Q,TS,Ist. Compr. ai Campi Elisi,Istituto Comprensivo
UDAA821012,UD,B. Stringher,Scuola Infanzia
TSEE80801P,TS,A. Padoa,Scuola Primaria
UDRC021018,UD,Deganutti,Istituto Professionale per i Servizi Commerciali
PNMM819016,PN,Dante Alighieri,Scuola Primo Grado
UDMM83901B,UD,L. Da Vinci - Mortegliano,Scuola Primo Grado
PNMM81801A,PN,Dante Alighieri - Fiume Veneto,Scuola Primo Grado
TSEE80302L,TS,Sergio Laghi,Scuola Primaria
UDTD009011,UD,Istituto Tecnico Turistico,Istituto Tecnico Commerciale
UDAA82904Q,UD,Tavagnacco/feletto Umb.,Scuola Infanzia
UDEE84401X,UD,Toppo Wassermann,Scuola Primaria
UDEE81601Q,UD,Via Annia - Lignano Sabbiadoro,Scuola Primaria
UDEE821017,UD,Don Giovanni Bosco,Scuola Primaria
TSMM80801N,TS,Dante Alighieri,Scuola Primo Grado
PNEE81803D,PN,Fiume V.-cimpello A.Manzoni,Scuola Primaria
UDRI01402V,UD,CASA CIRCONDARIALE,IST PROF INDUSTRIA E ARTIGIANATO
UDAA81101B,UD,Muzzana,Scuola Infanzia
UDPS009015,UD,LIC. SC.TARVISIO,LICEO SCIENTIFICO
PNAA80901B,PN,Morsano Al T-mussonsarcobaleno,Scuola Infanzia
PNEE82001B,PN,Valvasone Arzene S.Pellico,Scuola Primaria
GOCT70100V,GO,Polo Professionale,Centro Territoriale
UDEE844043,UD,Udine-ippolito Nievo,Scuola Primaria
UDPS010008,UD,Liceo Scientifico G. Marinelli Udine,Liceo Scientifico
TSAA817018,TS,Di Longera - L.Ins.Slovena,Scuola Infanzia
UDMM00800Q,UD,EDUCANDATO UCCELLIS,SCUOLA PRIMO GRADO
UDAA813013,UD,Pulfero,Scuola Infanzia
TSEE81202B,TS,F.Filzi - A.Grego,Scuola Primaria
UDMM82901R,UD,E. Feruglio - Tavagnacco,Scuola Primo Grado
PNAA819012,PN,Zoppola-castionsle Margherite,Scuola Infanzia
UDEE821028,UD,Padre Davide Maria Turoldo,Scuola Primaria
TSEE80803R,TS,SCUOLA PRIMARIA IN OSPEDALE,SCUOLA PRIMARIA
UDPS01401L,UD,Lic. F. Solari,Liceo Scientifico
UDEE85402G,UD,Adami Via Dante,Scuola Primaria
PNEE819017,PN,Zoppola-cap.Beato Odorico Da P,Scuola Primaria
UDTD011011,UD,J. Linussio,Istituto Tecnico Commerciale
GORC01101Q,GO,Ist. Prof. per I Servizi Socio Sanitari,Istituto Professionale per i Servizi Commerciali e Turistici
UDAA813024,UD,San Leonardo,Scuola Infanzia
UDAA82901L,UD,Tavagnacco,Scuola Infanzia
UDIS021009,UD,Deganutti,Istituto Superiore
UDEE821039,UD,G. Marcotti,Scuola Primaria
PNIC818009,PN,Ic Fiume Venetop.Bagellardo,Istituto Comprensivo
UDRC01101N,UD,Ipsc Codroipo,Istituto Professionale per i Servizi Commerciali
UDMM81102L,UD,G.A. Pirona- Muzzana del T,Scuola Primo Grado
PNMM80902L,PN,Leonardo Da Vinci,Scuola Primo Grado
UDIS00900P,UD,Istituto Omnicomprensivo I. Bachmann,Istituto Superiore
UDRI040009,UD,Ipsia G. Ceconi Udine,Istituto Professionale Industria e Artigianato
TSEE81804C,TS,A.Cernigoj - L.Ins.Slovena,Scuola Primaria
TSRI003019,TS,J. Stefan-l.Ins.Slovena,Istituto Professionale Industria e Artigianato
GOEE701017,GO,VIA BARZELLINI,SCUOLA PRIMARIA
UDIC82900Q,UD,Tavagnacco,Istituto Comprensivo
UDEE82104A,UD,U. Foscolo,Scuola Primaria
TSIC812008,TS,Ist. Compr. San Giovanni,Istituto Comprensivo
UDPS011015,UD,G. Marinelli,Liceo Scientifico
UDIC813006,UD,D. Alighieri - San Pietro Al N.,Istituto Comprensivo
UDMM81104P,UD,Via Marano Lagunare - Carlino,Scuola Primo Grado
TSIS00300N,TS,J.Stefan-l.Ins.Slovena,Istituto Superiore
PNAA80903D,PN,Cordovado,Scuola Infanzia
PNAA820016,PN,San Martino Al Tagl.Il Tiglio,Scuola Infanzia
TSAA818014,TS,U. Vrabec - L.Ins.Slovena,Scuola Infanzia
UDEE852042,UD,Jacopo Pirona Dignano,Scuola Primaria
UDEE85407R,UD,Amaro-cavazzo,Scuola Primaria
GOCT700003,GO,I.S. Einaudi,Centro Territoriale
UDPS05000P,UD,Liceo Scientifico N. Copernico Udine,Liceo Scientifico
UDAA813035,UD,S.Pietro Al Nat.- Azzida,Scuola Infanzia
UDAA82903P,UD,Tavagnacco/colugna,Scuola Infanzia
TSAA812037,TS,Di Longera,Scuola Infanzia
PNEE828034,PN,Maniagolibero A. Manzoni,Scuola Primaria
UDIC81100E,UD,C.Cavour - Palazzolo,Istituto Comprensivo
UDIS01100P,UD,Is J. Linussio,Istituto Superiore
PNEE80905R,PN,Sesto R.-bagnaroladon A.Cicuto,Scuola Primaria
UDSD01000P,UD,Liceo Artistico G. Sello  Ud,Istituto d'Arte
TSEE81601N,TS,J.Ribicic - L.Ins.Slovena,Scuola Primaria
UDIC85400C,UD,Tolmezzo,Istituto Comprensivo
UDEE82901T,UD,Via Mazzini //feletto Umberto,Scuola Primaria
UDAA85203Q,UD,Ragogna/s.Giacomo,Scuola Infanzia
UDEE83302E,UD,S.Maria La Longa,Scuola Primaria
UDRI01101A,UD,G. Ceconi,Istituto Professionale Industria e Artigianato
UDMM813017,UD,D. Alighieri - San Pietro Al N.,Scuola Primo Grado
TSMM812019,TS,Codermatz,Scuola Primo Grado
UDMM81101G,UD,C.Cavour - Sec. 1? Gr Palazzolo,Scuola Primo Grado
PNAA80902C,PN,Sesto Al Reghena-ramuscello,Scuola Infanzia
UDRI04050P,UD,SEZIONE SERALE IPSIA CECONI UDINE,IST PROF INDUSTRIA E ARTIGIANATO
TSEE81501T,TS,E. Morpurgo,Scuola Primaria
PNIS01100P,PN,Licei Le Filandiere,Istituto Superiore
UDAA851063,UD,Monumento ai Caduti,Scuola Infanzia
UDAA84604D,UD, Pimpa  Aquileia,Scuola Infanzia
UDEE82903X,UD,Fraz. Adegliacco,Scuola Primaria
UDEE85405P,UD,Verzegnis,Scuola Primaria
UDAA833018,UD,Palmanova/ialmicco,Scuola Infanzia
GOMM04000N,GO,CPIA 1 GORIZIA,SCUOLA PRIMO GRADO
UDEE81303A,UD,San Pietro Al Natisone,Scuola Primaria
TSAA812026,TS,Fabio Filzi-attilio Grego,Scuola Infanzia
UDMM83702R,UD,G. Guareschi,Scuola Primo Grado
PNPS011015,PN,Lic.Scientif. Le Filandiere,Liceo Scientifico
UDPS012011,UD,Liceo Sc. San Daniele,Liceo Scientifico
UDMM70201X,UD,CASA CIRCONDARIALE,SCUOLA PRIMO GRADO
UDEE851024,UD,Vittorio Alfieri,Scuola Primaria
UDAA834025,UD,Scuola dell'infanzia Savogna,Scuola Infanzia
UDAA84601A,UD,Riccardo Michieli Fiumicello,Scuola Infanzia
UDMM85401D,UD,G.F.Da Tolmezzo - Tolmezzo,Scuola Primo Grado
TSEE81603Q,TS,I.Grbec - L.Ins.Slovena,Scuola Primaria
GOMM813019,GO,Graziadio Isaia Ascoli,Scuola Primo Grado
UDEE81304B,UD,San Leonardo,Scuola Primaria
UDMM81103N,UD,Vespucci - Marano Lag.,Scuola Primo Grado
UDMM819038,UD,A. Mistruzzi - Basiliano,Scuola Primo Grado
UDIC84000E,UD,Giovanni Xxiii - Tarvisio,Istituto Comprensivo
TSAA813011,TS,Miela Reina,Scuola Infanzia
PNMM80903N,PN,Via Bassa Cordovado,Scuola Primo Grado
UDEE83703V,UD,F. Corridoni,Scuola Primaria
UDIS01200E,UD,Is V. Manzini,Istituto Superiore
UDIC855008,UD,Pozzuolo del Friuli,Istituto Comprensivo
UDMM021006,UD,P. DIACONO - CIVIDALE DEL FR.,SCUOLA PRIMO GRADO
TSAA81603E,TS,Di San Giacomo - L.Ins.Slovena,Scuola Infanzia
UDEE83301D,UD,Palmanova,Scuola Primaria
UDIC851001,UD,Cividale del Friuli,Istituto Comprensivo
GOEE81302B,GO,Francesco Rismondo,Scuola Primaria
UDIC84600D,UD,Don Lorenzo Milani - Aquileia,Istituto Comprensivo
UDAA85103X,UD,Antony David Liberale Rualis,Scuola Infanzia
GOEE80402L,GO,C. Battisti,Scuola Primaria
UDEE823075,UD,Enemonzo,Scuola Primaria
UDEE84002N,UD,Tarvisio Centrale,Scuola Primaria
PNAA82202V,PN,Porcia - Roraipiccolo,Scuola Infanzia
UDEE813029,UD,Savogna,Scuola Primaria
UDMM83703T,UD,4 Novembre,Scuola Primo Grado
TSEE81201A,TS,C. Suvich,Scuola Primaria
UDAA85402A,UD,Tolmezzo/v.De Marchi,Scuola Infanzia
UDAA848012,UD,Corno di Rosazzo,Scuola Infanzia
UDPS01301R,UD,Albert Einstein,Liceo Scientifico
UDAA85102V,UD,Giovanni G.Lorenzoni Gagliano,Scuola Infanzia
UDAA83201C,UD,Don Oreste Paviotti Bicinicco,Scuola Infanzia
UDMM82303X,UD,N. Grassi - Villa Santina,Scuola Primo Grado
UDCT70100R,UD,Centro Terr.Le Perm.Te San Giorgio di N.,Centro Territoriale
GOAA80102X,GO,Romans D'isonzo,Scuola Infanzia
UDAA84603C,UD,Arcobaleno Villa Vicentina,Scuola Infanzia
UDAA84003D,UD,Tarvisio/camporosso,Scuola Infanzia
GOAA80402B,GO,Via Primo Maggio,Scuola Infanzia
TSEE81602P,TS,Gregoric Stepancic - L.Ins.Slov,Scuola Primaria
GOEE814027,GO,Gen.A.Pecorini,Scuola Primaria
TSEE813016,TS,F. Dardi,Scuola Primaria
UDEE81906C,UD,Scuola Primaria C. Colombo,Scuola Primaria
UDMM83701Q,UD,N. Sauro,Scuola Primo Grado
UDEE84805B,UD,Dolegnano Fr. di S. Giovanni,Scuola Primaria
UDEE83201N,UD,E. De Amicis Gonars,Scuola Primaria
UDTD01201R,UD,V. Manzini,Istituto Tecnico Commerciale e per Geometri
UDEE85502B,UD,S. Giovanni Boscocampoformido,Scuola Primaria
GOEE80401G,GO,T.C. Amelio Cuzzi,Scuola Primaria
GOAA801042,GO,Medea,Scuola Infanzia
TSAA81601C,TS,Di Servola - L.Ins.Slovena,Scuola Infanzia
UDMM84001G,UD,Giovanni Xxiii - Tarvisio,Scuola Primo Grado
GOAA814022,GO,Sc. dell'infanzia Via Gramsci,Scuola Infanzia
UDEE84603N,UD,G. Capponi - Terzo D'aquileia,Scuola Primaria
UDMM813028,UD,I.Stellini - S.Leonardo,Scuola Primo Grado
TSIC813004,TS,Ist. Compr. Divisione Julia,Istituto Comprensivo
UDIC819005,UD,Basiliano - Sedegliano,Istituto Comprensivo
UDAA82303Q,UD,Sauris di Sotto,Scuola Infanzia
GOMM801013,GO,Sc. Media Mariano del Friuli,Scuola Primo Grado
UDEE83702T,UD,G. Ellero,Scuola Primaria
PNEE81701G,PN,Chions-villotta E. De Amicis,Scuola Primaria
PNEE82502G,PN,Brugnera-maron Mazzini,Scuola Primaria
UDAA855015,UD,C. Percoto,Scuola Infanzia
TSIC81600G,TS,Ic San Giacomo-l.Ins.Slov.,Istituto Comprensivo
TSMM820018,TS,S.Gregorcic-l.Ins.Slovena,Scuola Primo Grado
UDAA849041,UD,Bertiolo,Scuola Infanzia
UDIC85200R,UD,San Daniele del Friuli,Istituto Comprensivo
UDAA820016,UD,Cassacco,Scuola Infanzia
UDEE83203Q,UD,M. Hack Bagnaria Arsa,Scuola Primaria
UDEE84601G,UD,Alessandro Manzoni - Aquileia,Scuola Primaria
UDMM84002L,UD,A. Zardini - Pontebba,Scuola Primo Grado
GOIC80400D,GO,Randaccio Giovanni,Istituto Comprensivo
UDEE823064,UD,Via M. Renier,Scuola Primaria
UDAA83702L,UD,Primi Passi,Scuola Infanzia
UDAA84001B,UD,Costantino Cologna Tarvisio,Scuola Infanzia
PNMM82501D,PN,Antonio Canova,Scuola Primo Grado
PNIC82500C,PN,Ic Brugnera Villa Varda,Istituto Comprensivo
UDIS01300A,UD,Della Bassa Friulana,Istituto Superiore
UDIC85800Q,UD,Vi - Udine,Istituto Comprensivo
PNMM81702G,PN,Sc. Sec. 1^ Grado Pravisdomini,Scuola Primo Grado
UDMM83201L,UD,T. Marzuttini - Gonars,Scuola Primo Grado
PNIC83300B,PN,Ic Rorai-cappuccini,Istituto Comprensivo
GOMM80501A,GO,Leonardo Da Vinci,Scuola Primo Grado
GOAA801053,GO,Mariano del Friuli,Scuola Infanzia
UDAA848034,UD,Manzano/v. Zorutti,Scuola Infanzia
UDEE84006T,UD,Chiusaforte,Scuola Primaria
TSAA81602D,TS,J. Ukmar - L.Ins.Slovena,Scuola Infanzia
UDMM819016,UD,M.L.King - Sedegliano,Scuola Primo Grado
UDEE82602B,UD,Pietro Zorutti - Percoto,Scuola Primaria
UDAA84007N,UD,Chiusaforte,Scuola Infanzia
GOAA814033,GO,Rosa Agazzi,Scuola Infanzia
TSMM813015,TS,Divisione Julia,Scuola Primo Grado
PNEE82501E,PN,Brugnera-tamai Sacilotto,Scuola Primaria
GOAA80202Q,GO,Via Cividale,Scuola Infanzia
UDEE834019,UD,Scuola Primaria Bilingue,Scuola Primaria
PNEE80902N,PN,Morsano T. Giovanni Marinelli,Scuola Primaria
PNMM81501V,PN,Scuola Media Luigi Luzzatti,Scuola Primo Grado
GOMM80401E,GO,Randaccio Giovanni,Scuola Primo Grado
PNMM83301C,PN,Sms Pier Paolo Pasolini,Scuola Primo Grado
TSAA820036,TS,Pika Nogavicka - L.Ins.Slovena,Scuola Infanzia
PNMM813017,PN,Augusto Lizier,Scuola Primo Grado
UDIC849001,UD,Codroipo,Istituto Comprensivo
UDIC820009,UD,Giovanni Xxiii - Tricesimo,Istituto Comprensivo
UDIC83200G,UD,Gonars,Istituto Comprensivo
PNMM826019,PN,Sms Bernardino Partenio,Scuola Primo Grado
UDAA826048,UD,Monumento ai Caduti per Patria,Scuola Infanzia
GOMM801024,GO,Sc. Media G. F. del Torre,Scuola Primo Grado
UDMM834018,UD,Scuola Sec. 1. Grado Bilingue,Scuola Primo Grado
UDAA84006L,UD,Pontebba,Scuola Infanzia
PNAA81501P,PN,Azzano X Giovanni Paolo Ii,Scuola Infanzia
UDAA85802N,UD,Udine-m. Forte,Scuola Infanzia
PNEE82503L,PN,Brugnera-cap. Nazario Sauro,Scuola Primaria
TSMM81601L,TS,I.Cankar - L.Ins.Slovena,Scuola Primo Grado
TSEE82004C,TS,A.Bubnic - L.Ins.Slovena,Scuola Primaria
PNEE80901L,PN,Cordovado I.Nievo,Scuola Primaria
PNEE83404C,PN,Sacile-s.Odorico Xxxi Ottobre,Scuola Primaria
UDAA84903X,UD,Codroipo/rivolto,Scuola Infanzia
UDAA83202D,UD,Chiara e Federico Gonars,Scuola Infanzia
UDEE82001B,UD,Pietro Mattioni - Cassacco,Scuola Primaria
UDMM82602A,UD,Caterina Percoto - Lauzacco,Scuola Primo Grado
GOEE80502C,GO,V. Da Feltre,Scuola Primaria
UDAA84002C,UD,Gianni Rodari Tarvisio Centrale,Scuola Infanzia
PNIC826008,PN,Ic Spilimbergo,Istituto Comprensivo
UDEE85803X,UD,Udine-a. Friz,Scuola Primaria
UDAA834014,UD,Scuola dell'infanzia Bilingue,Scuola Infanzia
TSRC001509,TS,PROFESSIONALE G.R.CARLI,IST PROF PER I SERVIZI COMMERCIALI E TURISTICI
TSAA80002X,TS,Di Duino,Scuola Infanzia
UDAA83203E,UD,Bagnaria Arsa/castions Mura,Scuola Infanzia
GOAA805027,GO,Via Capitello,Scuola Infanzia
PNEE80904Q,PN,Sesto Reghena-cap.D.Alighieri,Scuola Primaria
PNEE815043,PN,Azzano X-cap. Cesare Battisti,Scuola Primaria
PNEE83406E,PN,Sacile-cap.Vittorino Da Feltre,Scuola Primaria
UDEE82601A,UD,Piave - Lumignacco,Scuola Primaria
PNAA813057,PN,Cavasso Nuovo S.Angeli Custodi,Scuola Infanzia
UDIC84100A,UD,Istituto Comprensivo I - Udine,Istituto Comprensivo
PNAA826015,PN,Spilimbergo - Via Corridoni,Scuola Infanzia
GOAA805016,GO,Via dei Campi,Scuola Infanzia
UDAA81704D,UD,L. Linda - Martignacco/nogaredo,Scuola Infanzia
UDAA818016,UD,Don Angelo Pezzetta Ciconicco,Scuola Infanzia
UDMM826019,UD,Ippolito Nievo - Buttrio,Scuola Primo Grado
PNAA81502Q,PN,Azzano Decimo Nelson Mandela,Scuola Infanzia
UDIC834007,UD,I.C. Bilingue,Istituto Comprensivo
TSEE820019,TS,P.Voranc - L.Ins.Slovena,Scuola Primaria
TSAA800053,TS,Di Sistiana,Scuola Infanzia
PNAA834036,PN,Sacile-s.Giovanni Temp.Rodari,Scuola Infanzia
GOMM81101N,GO,In Lingua Slovena,Scuola Primo Grado
UDEE85802V,UD, G. Carducci  Udine,Scuola Primaria
PNEE81102N,PN,Font.Dda-vigonovog.Oberdan,Scuola Primaria
PNEE81306D,PN,"VITO D'ASIO-ANDUINS""L.DA VINCI""",SCUOLA PRIMARIA
UDAA818027,UD,Carlo Collodi - Madrisio,Scuola Infanzia
UDEE83202P,UD,E. Vanoni Bicinicco,Scuola Primaria
PNEE82601A,PN,Spilimbergo G.B.Cavedalis,Scuola Primaria
UDAA841028,UD,Pietro Benedetti,Scuola Infanzia
UDPM01901R,UD,G. Marchi,Istituto Magistrale
UDEE835037,UD,G. Pascoli-fraz.Pertegada,Scuola Primaria
PNAA834014,PN,Sacile V.Le Zancanaroc.Collodi,Scuola Infanzia
TSTD001018,TS,Leonardo Da Vinci - G.Rinaldo Carli,Istituto Tecnico Commerciale
PNEE81308G,PN,"CAVASSO NUOVO ""GIOV.XXIII""",SCUOLA PRIMARIA
GOEE81101P,GO, P. Voranc  - Lingua Slovena,Scuola Primaria
UDAA85803P,UD,Udine-sacro Cuore,Scuola Infanzia
PNIC80900E,PN,Ic Cordovado I.Nievo,Istituto Comprensivo
PNEE815032,PN,Azzano X-tiezzof.Lli De Carli,Scuola Primaria
TSTF01050N,TS,ALESSANDRO VOLTA,ISTITUTO TECNICO INDUSTRIALE
UDAA826015,UD,Arcobaleno - Lauzacco,Scuola Infanzia
UDAA841039,UD,I Maggio,Scuola Infanzia
GOIC805009,GO,Ist. Compr. Leonardo Da Vinci,Istituto Comprensivo
UDTD01901G,UD,M. Gortani,Istituto Tecnico Commerciale
UDEE81905B,UD,Scuola Primaria Blessano,Scuola Primaria
TSMM806012,TS,Muzio De Tommasini,Scuola Primo Grado
PNAA827011,PN,Cordenons-villa D'arcopoletti,Scuola Infanzia
TSTE03000P,TS,Grazia Deledda - Max Fabiani,Istituto Tecnico per Attività Sociali (già ITF)
UDEE835015,UD,Edmondo De Amicis,Scuola Primaria
TSTD00151N,TS,TECNICO G.R.CARLI,ISTITUTO TECNICO COMMERCIALE
PNMM81101G,PN,Fontanafredda I.Svevo,Scuola Primo Grado
PNAA813035,PN,Sequals-cap. Alice Pellarin,Scuola Infanzia
PNEE815054,PN,Azzano X Margherita Hack,Scuola Primaria
UDMM85801R,UD,G. Marconi - E. Bellavitis,Scuola Primo Grado
TSTE030504,TS,G. DELEDDA - M. FABIANI,ISTITUTO TECNICO PER ATTIVITA' SOCIALI (GIA' ITF)
GOEE81204N,GO,Scuola Primaria Alojz Gradnik,Scuola Primaria
GOAA81102E,GO,Via Stradalta - Lingua Slovena,Scuola Infanzia
UDMM84101B,UD,Gianbattista Tiepolo,Scuola Primo Grado
PNIC827004,PN,Ic Cordenons Alberto Manzi,Istituto Comprensivo
UDMM849012,UD,Sms G.Bianchi - Codroipo,Scuola Primo Grado
UDAA818038,UD,Dott. Fausto Righini-silvella,Scuola Infanzia
UDTD02101G,UD,Deganutti,Istituto Tecnico Commerciale
PNEE81101L,PN,Fontanafredda-casuts.Pellico,Scuola Primaria
PNEE81601Q,PN,Caneva-sarone G.Marconi,Scuola Primaria
UDEE85801T,UD,Udine-g. Mazzini,Scuola Primaria
UDEE00800R,UD,COLLEGIO UCCELLIS,SCUOLA PRIMARIA
TSIC819003,TS,Ic Aurisina-nabrezina-l.Ins.Slo,Istituto Comprensivo
GOEE81103R,GO,Vermegliano In Lingua Slovena,Scuola Primaria
PNAA82301N,PN,Roveredo In Piano-cap,Scuola Infanzia
UDRC019018,UD,J. Linussio,Istituto Professionale per i Servizi Commerciali
UDEE858041,UD,Udine-e. Girardini,Scuola Primaria
TSAA819032,TS,Di Malchina - L.Ins.Slovena,Scuola Infanzia
PNEE81103P,PN,Fontanafredda-cap. G. Marconi,Scuola Primaria
PNEE81305C,PN,Pinzano Al T..Carducci,Scuola Primaria
PNAA81601E,PN,Caneva - Stevenà,Scuola Infanzia
UDAA80903D,UD,Dott. Luigi Covassi,Scuola Infanzia
TSTF010008,TS,Alessandro Volta,Istituto Tecnico Industriale
UDEE849057,UD,Camino Al Tagliamento,Scuola Primaria
TSAA820014,TS,Kekec - L.Ins.Slovena,Scuola Infanzia
GOAA81206E,GO,Scuola dell'infanzia Kekec,Scuola Infanzia
GOEE80903R,GO,D. Alighieri,Scuola Primaria
UDEE84106N,UD,Divisione Alpina Julia,Scuola Primaria
UDEE819017,UD,P.David Maria Turoldo,Scuola Primaria
PNEE82301V,PN,Roveredo In Pianoenrico Fermi,Scuola Primaria
UDEE84103E,UD,San Domenico,Scuola Primaria
UDAA85801L,UD,Udine-a. Gabelli,Scuola Infanzia
PNIC81100E,PN,Ic Fontanafreddar.L.Montalcini,Istituto Comprensivo
PNMM81602Q,PN,Giovanni Pascoli Polcenigo,Scuola Primo Grado
UDEE01700G,UD,Convitto Naz.P.Diacono,Scuola Primaria
PNEE822057,PN,Porcia-s.Antoniodon L. Milani,Scuola Primaria
TSEE82002A,TS,F.Venturini - L.Ins.Slovena,Scuola Primaria
PNIC83000X,PN,Ic Pordenone Sud,Istituto Comprensivo
GOAA81204C,GO,Scuola dell'infanzia Soncek,Scuola Infanzia
GOIC80900L,GO,Marco Polo,Istituto Comprensivo
UDAA84401P,UD,Udine-via D'artegna,Scuola Infanzia
TSEE819048,TS,I Maj 1945-kokoravec-l.Ins.Slov,Scuola Primaria
UDAA84902V,UD,Codroipo/via Politi,Scuola Infanzia
PNEE830045,PN,Pn-san Gregorio Gasparre Gozzi,Scuola Primaria
PNEE82403R,PN,Prata-villanova Renato Serra,Scuola Primaria
PNRC006016,PN,I.P.S.C. G. Marchesini,Istituto Professionale per i Servizi Commerciali e Turistici
PNIC81600N,PN,Ic Canevaandrea Zanzotto,Istituto Comprensivo
UDTD021511,UD,SEZIONE SERALE ITC DEGANUTTI UDINE,ISTITUTO TECNICO COMMERCIALE
UDEE00801T,UD,COLLEGIO UCCELLIS,SCUOLA PRIMARIA
PNEE822013,PN,Porcia-cap. Luigi Gabelli,Scuola Primaria
GOAA81004R,GO,Via del Carso,Scuola Infanzia
UDIC84400T,UD,V - Udine,Istituto Comprensivo
TSAA819043,TS,Gabrovizza - L.Ins.Slovena,Scuola Infanzia
UDEE80901L,UD,Forni Avoltri,Scuola Primaria
UDAA835021,UD,Il Pianeta del Piccolo Principe,Scuola Infanzia
UDEE852053,UD,G. Marconi-rive D'arcano,Scuola Primaria
GOTD00851L,GO,FERMI-SERALE,ISTITUTO TECNICO COMMERCIALE
UDPM040005,UD,ISTITUTO MAGISTRALE UCCELLIS,ISTITUTO MAGISTRALE
TSEE82003B,TS,M.Samsa-t.Zamejski-l.Ins.Slov,Scuola Primaria
PNEE82402Q,PN,Prata di Sopra G.E.L.Brunetta,Scuola Primaria
PNMM82302V,PN,Sms San Quirino,Scuola Primo Grado
PNTF00601Q,PN,Grafica e Comunicazione,Istituto Tecnico Industriale
UDIS00200X,UD,Convitto Nazionale,Istituto Superiore
UDEE80907V,UD,Sappada,Scuola Primaria
UDPC010005,UD,Liceo Classico J. Stellini Udine,Liceo Classico
UDMM80902L,UD,Riccardo Romanin,Scuola Primo Grado
UDAA85201N,UD,S. Daniele,Scuola Infanzia
PNAA81101B,PN,Fontanafredda G.Rodari,Scuola Infanzia
GOAA80902E,GO,Fraz. Fossalon,Scuola Infanzia
UDPM010009,UD,Liceo Caterina Percoto,Istituto Magistrale
TSIC820007,TS,Ic Josip Pangerc - L.Ins.Slov.,Istituto Comprensivo
UDAA84403R,UD,Udine-g. Zambelli,Scuola Infanzia
UDAA85204R,UD,Rive D'arcano,Scuola Infanzia
PNEE830012,PN,Pn-borgomeduna E. De Amicis,Scuola Primaria
PNEE82302X,PN,San Quirino Ugo Foscolo,Scuola Primaria
UDIC80900E,UD,M. Gortani - Comeglians,Istituto Comprensivo
UDEE01701L,UD,CONVITTO NAZ.P.DIACONO,SCUOLA PRIMARIA
UDAA83801B,UD,Lestizza/galleriano,Scuola Infanzia
PNTF00701G,PN,Istituto Tecnico Meccanica Meccatronica,Istituto Tecnico Industriale
PNCT70100R,PN,Centro Territoriale Pordenone,Centro Territoriale
GOAA81003Q,GO,Giovanni Clocchiatti,Scuola Infanzia
UDMM84401V,UD,Ellero - Udine,Scuola Primo Grado
TSAA820047,TS,Palcica - L.Ins.Slovena,Scuola Infanzia
PNEE830023,PN,Pn-vallenoncello L.Da Vinci,Scuola Primaria
UDAA85205T,UD,Dignano,Scuola Infanzia
PNMM82301T,PN,Sms Roveredo,Scuola Primo Grado
TSIC80800L,TS,Ist. Compr. Dante Alighieri,Istituto Comprensivo
UDAA80902C,UD,Forni Avoltri,Scuola Infanzia
GOAA81001N,GO,G. Boemo,Scuola Infanzia
PNTD00601D,PN,I.T. E. Amm. G. Marchesini,Istituto Tecnico Commerciale
PNCT705004,PN,Centro Territoriale Prata,Centro Territoriale
UDAA85410Q,UD,Zuglio/formeaso,Scuola Infanzia
PNMM830011,PN,Terzo Drusin,Scuola Primo Grado
UDEE849013,UD,G.B. Candotti  Codroipo,Scuola Primaria
UDAA84503L,UD,F. Andrea Nicoloso - Osoppo,Scuola Infanzia
TSEE80802Q,TS,N. Sauro,Scuola Primaria
UDEE83802N,UD,Talmassons,Scuola Primaria
UDEE84502R,UD,Alessandro Manzoni - Bordano,Scuola Primaria
PNIC82300R,PN,Ic Roveredo In P.Giov.Cadelli,Istituto Comprensivo
PNCT704008,PN,Centro Territ. San Vito Al Tagliamento,Centro Territoriale
UDTL01050X,UD,SEZIONE SERALE ITG MARINONI UDINE,ISTITUTO TECNICO PER GEOMETRI
PNTN007017,PN,I.T.Per Il Turismo Sarpi San Vito,Istituto Tecnico per il Turismo
UDAA80907N,UD,Scuola Materna Sappada,Scuola Infanzia
UDMM849023,UD,Sms I. Svevo - Varmo,Scuola Primo Grado
UDMM84501P,UD,Secondaria di I Grado - Osoppo,Scuola Primo Grado
UDAA84501E,UD,Papa Giovanni Xxiii - Bordano,Scuola Infanzia
PNAA83002T,PN,Pordenone-vallenoncello,Scuola Infanzia
UDEE85202X,UD,G. Fontanini - Villanova,Scuola Primaria
TSAA80902A,TS,Duca D'aosta,Scuola Infanzia
UDMM83801G,UD,I. Nievo - Talmassons,Scuola Primo Grado
UDEE85401E,UD,Betania,Scuola Primaria
UDEE84001L,UD,Dante Alighieri,Scuola Primaria
PNCT70200L,PN,Centro Territoriale Sacile,Centro Territoriale
UDAA80904E,UD,Prato Carn./sostasio,Scuola Infanzia
GOMM81001T,GO,Perco,Scuola Primo Grado
PNEE821028,PN,Casarsa-s.Giovanni G. Marconi,Scuola Primaria
PNTD007019,PN,Istituto Tecnico Economico P.Sarpi,Istituto Tecnico Commerciale
UDMM84503R,UD,Secondaria di I Grado Venzone,Scuola Primo Grado
PNAA83001R,PN,Pordenone-via Mantegna,Scuola Infanzia
GOEE810042,GO,G.Ferretti,Scuola Primaria
PNMM82001A,PN,Erasmo Da Valvason,Scuola Primo Grado
UDEE849035,UD,Ippolito Nievo-varmo,Scuola Primaria
TSEE80901E,TS,S. Slataper,Scuola Primaria
UDEE84007V,UD,Pontebba,Scuola Primaria
UDMM84505V,UD,G. Ermolli - Moggio Udinese,Scuola Primo Grado
UDMM82001A,UD,Giovanni Xxiii - Tricesimo,Scuola Primo Grado
PNMM164001,PN,CPIA 1 PORDENONE,SCUOLA PRIMO GRADO
UDEE85406Q,UD,Scuola Elementare Imponzo,Scuola Primaria
UDEE830012,UD,Olinto Marinelli,Scuola Primaria
TSPM02000T,TS,A.M. Slomsek-l.Ins.Slovena,Istituto Magistrale
PNAA83003V,PN,Pn-villanova Via Ada Negri,Scuola Infanzia
UDVC01000C,UD,Convitto Nazionale P. Diacono,Convitto Nazionale
UDEE849046,UD,Risultive Bertiolo,Scuola Primaria
GOIS00400N,GO,Isis I. Cankar (lingua Slovena),Istituto Superiore
UDMM84504T,UD,Secondaria di I Grado Resia,Scuola Primo Grado
TSMM80901D,TS,Antonio Bergamas,Scuola Primo Grado
GOEE80005C,GO,Vittorino Da Feltre,Scuola Primaria
UDEE84504V,UD,Resia,Scuola Primaria
UDAA84901T,UD,Codroipo/v.Circonvallazione Sud,Scuola Infanzia
PNEE827016,PN,Cordenons-capol. Duca D'aosta,Scuola Primaria
PNEE701015,PN,SCUOLA CARCERARIA,SCUOLA PRIMARIA
PNMM821016,PN,Casarsa - Enrico Fermi,Scuola Primo Grado
UDTL01000E,UD,Itg G.G. Marinoni Udine,Istituto Tecnico per Geometri
UDEE84501Q,UD,Dante Alighieri - Osoppo,Scuola Primaria
TSEE80903L,TS,Duca D'aosta,Scuola Primaria
UDEE84505X,UD,Alessandro Volta - Alesso,Scuola Primaria
UDAA82201T,UD,Sc.Inf.Princ.Mafalda di Savoia,Scuola Infanzia
PNMM83101R,PN,Giuseppe Lozer,Scuola Primo Grado
GOEE800018,GO,Giovanni Torre,Scuola Primaria
UDEE81205L,UD,Paluzza,Scuola Primaria
GOAA800057,GO,Via Mameli di Moraro,Scuola Infanzia
PNEE821017,PN,Casarsa-cap.L.Da Vinci,Scuola Primaria
TSRI00251V,TS,NAUTICO T. DI SAVOIA DUCA DI GENOVA,IST PROF INDUSTRIA E ARTIGIANATO
PNRC00801T,PN,Istituto Istruzione Superiore F. Flora,Istituto Professionale per i Servizi Commerciali e Turistici
GOTF004016,GO,Jurij Vega - Lingua Slovena,Istituto Tecnico Industriale
UDEE845061,UD,Antonio Bidernuccio - Venzone,Scuola Primaria
PNIC83100Q,PN,Ic Pordenone - Torre,Istituto Comprensivo
UDVC03000N,UD,CONV. ANN. LIC. SC. TARVISIO,CONVITTO ANNESSO
UDAA83001R,UD,G.Grasso e F.Grasselli Ciseriis,Scuola Infanzia
PNIC82800X,PN,Ic Maniago Margherita Hack,Istituto Comprensivo
TSEE819026,TS,K.Strekelj-j.Jurcic - L.Ins.Slo,Scuola Primaria
UDAA84504N,UD,Grisulute - Avasinis,Scuola Infanzia
UDEE849024,UD,Anna Fabriscodroipo,Scuola Primaria
PNTN008013,PN,Istituto Istruzione Superiore F. Flora,Istituto Tecnico per il Turismo
PNMM822023,PN,Sms Giacomo Zanella Porcia,Scuola Primo Grado
GOIC800006,GO,Pascoli Giovanni,Istituto Comprensivo
UDVC020003,UD,S. SABBATINI,CONVITTO ANNESSO
TSTH002528,TS,NAUTICO T. DI SAVOIA DUCA DI GENOVA,ISTITUTO TECNICO NAUTICO
GORC00401L,GO,I.Cankar (lingua Slovena),Istituto Professionale per i Servizi Commerciali
UDAA83003V,UD,Tarcento/segnacco,Scuola Infanzia
UDEE822035,UD,A. Manzoni - Pocenia,Scuola Primaria
UDIC82300R,UD,Val Tagliamento - Ampezzo,Istituto Comprensivo
UDIC81500T,UD,Majano e Forgaria,Istituto Comprensivo
PNAA827022,PN,Cordenons-nogaredo G. Rodari,Scuola Infanzia
GOAA800013,GO,Monsignor Pietro Cocolin,Scuola Infanzia
PNIC821005,PN,Ic Casarsa Deliz.P.P.Pasolini,Istituto Comprensivo
UDMM81203D,UD,Via Roma - Arta Terme,Scuola Primo Grado
TSRI00201D,TS,Nautico T. di Savoia - L. Galvani,Istituto Professionale Industria e Artigianato
PNTF009017,PN,I.T.I. Moda Zanussi,Istituto Tecnico Industriale
GOTA00650D,GO,ISTITUTO AGRARIO SERALE,ISTITUTO TECNICO AGRARIO
UDEE822013,UD,A. Manzoni - Rivignano,Scuola Primaria
TSAA81901X,TS,Di Aurisina - L.Ins.Slovena,Scuola Infanzia
UDEE823086,UD,Lauco,Scuola Primaria
UDEE830034,UD,Enrico Fermi-magnano In Riviera,Scuola Primaria
PNEE828045,PN,Vivaro S.Domenico Savio,Scuola Primaria
PNEE81206N,PN,Vajont Vittorino Da Feltre,Scuola Primaria
GOEE80003A,GO,Alessandro Manzoni,Scuola Primaria
UDVE01000B,UD,Uccellis,Educandato
TSTH00201T,TS,Nautico T. di Savoia Duca di Genova,Istituto Tecnico Nautico
UDEE81204G,UD,Timau-cleulis,Scuola Primaria
PNIS00900P,PN,I.S.I.S. L. Zanussi,Istituto Superiore
GOTA006015,GO,Ita Giovanni Brignoli,Istituto Tecnico Agrario
UDEE830056,UD,V. Da Feltre Nimis,Scuola Primaria
UDEE82005G,UD,G.B. Corgnali - Reana,Scuola Primaria
PNAA82802T,PN,Maniago-campagna Giov. Xxiii,Scuola Infanzia
TSAA819021,TS,Di Duino - L.Ins.Slovena,Scuola Infanzia
UDAA85408L,UD,Tolmezzo/ Terzo,Scuola Infanzia
UDMM81502X,UD,Via Val - Forgaria,Scuola Primo Grado
UDRC013019,UD,Enrico Mattei,Istituto Professionale per i Servizi Commerciali
PNPC011012,PN,Lic.Classico Le Filandiere,Liceo Classico
TSEE80403D,TS,E. Zamola,Scuola Primaria
UDAA81205B,UD,Sutrio,Scuola Infanzia
UDAA820038,UD,M.C.C. Astaldi-tricesimo,Scuola Infanzia
UDEE81501X,UD,Majano - I. Nievo,Scuola Primaria
TSEE819037,TS,S.Gruden - L.Ins.Slovena,Scuola Primaria
PNAA812039,PN,Montereale Valcellina -cap.,Scuola Infanzia
GOTD006511,GO,"I.T.C.""EINAUDI""-SERALE",ISTITUTO TECNICO COMMERCIALE
UDAA85409N,UD,Cavazzo Carnico,Scuola Infanzia
UDTF01302X,UD,Arturo Malignani,Istituto Tecnico Industriale
TSEE814023,TS,U. Saba,Scuola Primaria
TSEE80301G,TS,V. Giotti,Scuola Primaria
PNTN00401Q,PN,Via degli Alpini 1,Istituto Tecnico per il Turismo
UDEE81208Q,UD,Arta Terme,Scuola Primaria
PNRI00901A,PN,Ipsia L. Zanussi,Istituto Professionale Industria e Artigianato
GOTD00601G,GO,L. Einaudi,Istituto Tecnico Commerciale
UDAA830062,UD,Taipana,Scuola Infanzia
UDMM85502A,UD,Sms G.Marconi - Pozzuolo del Fr,Scuola Primo Grado
TSMM819014,TS,I.Gruden-l.Ins.Slovena,Scuola Primo Grado
UDEE85404N,UD,G. Muner- Caneva di Tolmezzo,Scuola Primaria
TSMM814011,TS,Addobbati - Brunner,Scuola Primo Grado
UDEE848028,UD,Molinari Pietra,Scuola Primaria
PNAA81205B,PN,Vajont,Scuola Infanzia
UDMM821027,UD,C. Deganutti - Ruda,Scuola Primo Grado
UDMM81501V,UD,L. Andervolti - Majano,Scuola Primo Grado
TSMM805016,TS,Corsi G.,Scuola Primo Grado
PNIS00300Q,PN,Is E. Torricelli,Istituto Superiore
TSMM80401A,TS,Nazario Sauro,Scuola Primo Grado
UDTF01301V,UD,Arturo Malignani,Istituto Tecnico Industriale
UDEE85503C,UD,Div. Alpina Juliabasaldella,Scuola Primaria
UDEE83901C,UD,Castions di Strada,Scuola Primaria
UDAA820049,UD,Santa Tissini -reana del Rojale,Scuola Infanzia
UDEE84804A,UD,Via Rossini Tempo Pieno,Scuola Primaria
UDAA85406E,UD,Scuola Materna Amaro,Scuola Infanzia
TSMM818018,TS,S. Kosovel-l.Ins.Slovena,Scuola Primo Grado
GOPS00101L,GO,Duca degli Abruzzi,Liceo Scientifico
GOAA813048,GO,Via Garzarolli,Scuola Infanzia
PNMM81201B,PN,Giovanni Xxiii,Scuola Primo Grado
UDAA81502Q,UD,Forgaria- Cornino,Scuola Infanzia
UDAA821034,UD,Tapogliano,Scuola Infanzia
UDTD01301L,UD,Luigi Einaudi,Istituto Tecnico Commerciale
TSAA81401R,TS,Di Barcola,Scuola Infanzia
UDIC81200A,UD,Jacopo Linussio - Angelo Matiz,Istituto Comprensivo
TSAA805012,TS,Ruggero Manna,Scuola Infanzia
UDEE84101C,UD,Enrico Fruch,Scuola Primaria
TSAA804016,TS,Borgolauro,Scuola Infanzia
PNAA834047,PN,Sacile-via Ettoreom.Meneghini,Scuola Infanzia
UDAA855026,UD,C. Collodi,Scuola Infanzia
UDAA839017,UD,Mortegliano,Scuola Infanzia
TSEE81802A,TS,P.Trubar - L.Ins.Slovena,Scuola Primaria
PNEE81205L,PN,Claut G. Marconi,Scuola Primaria
UDMM85302P,UD,G.D'artegna - Artegna,Scuola Primo Grado
GOPM00101N,GO,Scipio Slataper,Istituto Magistrale
TSEE814034,TS,E.Tarabochia,Scuola Primaria
UDAA848023,UD,Manzano/ Case,Scuola Infanzia
TSEE805017,TS,R. Manna,Scuola Primaria
TSAA804027,TS,Il Biancospino,Scuola Infanzia
UDAA84105B,UD,Archimede Taverna,Scuola Infanzia
PNIC834007,PN,Ic Sacile,Istituto Comprensivo
PNEE82401P,PN,Prata-cap. Ippolito Nievo,Scuola Primaria
UDEE83303G,UD,Trivignano Udinese,Scuola Primaria
UDTD01401C,UD,ISTITUTO TECNICO CASA CIRCONDARIALE,ISTITUTO TECNICO COMMERCIALE
UDEE85501A,UD,Xxx Ottobrepozzuolo del Fr.,Scuola Primaria
UDIC83900A,UD,Mortegliano-castions di Strada,Istituto Comprensivo
UDEE85303R,UD,Piovega,Scuola Primaria
UDAA848045,UD,Manzano/s.Lorenzo,Scuola Infanzia
GOIS002002,GO,Simon Gregorcic (l.Slovena),Istituto Superiore
TSMM81501R,TS,Lionello Stock,Scuola Primo Grado
GOEE80302R,GO,E. Toti,Scuola Primaria
TSAA818069,TS,A. Fakin - L.Ins.Slovena,Scuola Infanzia
UDEE815021,UD,Edmondo De Amicis,Scuola Primaria
TSIC805005,TS,Ist. Compr. Via Commerciale,Istituto Comprensivo
PNEE83101T,PN,Pn-torreodorico Da Pordenone,Scuola Primaria
UDEE84105L,UD,Gianni Rodari,Scuola Primaria
GOIS00300T,GO,Isis R.M. Cossar-l. Da Vinci,Istituto Superiore
TSAA804038,TS,Il Giardino dei Mestieri,Scuola Infanzia
UDRI013012,UD,Arturo Malignani,Istituto Professionale Industria e Artigianato
TSAA806052,TS,Di Prosecco,Scuola Infanzia
UDEE856016,UD,Enrico Fruch - Pasian di Prato,Scuola Primaria
UDEE83903E,UD,Lavariano,Scuola Primaria
PNEE83402A,PN,Sacile-s.G. Tempioe.De Amicis,Scuola Primaria
UDTD010004,UD,Itc A. Zanon  Udine,Istituto Tecnico Commerciale
PNAA812017,PN,Erto Casso,Scuola Infanzia
GOIS001006,GO,Is Dante Alighieri,Istituto Superiore
UDEE82604D,UD,Giuseppe Ellero - Pradamano,Scuola Primaria
GOAA80302G,GO,Via Tartini,Scuola Infanzia
TSEE81805D,TS,A.Sirk - L.Ins.Slovena,Scuola Primaria
TSIC81400X,TS,Ist. Compr. Roiano Gretta,Istituto Comprensivo
GORC00301R,GO,R.M. Cossar - Gorizia,Istituto Professionale per i Servizi Commerciali
UDMM848016,UD,Divisione Julia Manzano,Scuola Primo Grado
TSIC804009,TS,Ist. Compr. Giovanni Lucio,Istituto Comprensivo
UDAA841017,UD,Giacomo Centazzo,Scuola Infanzia
PNEE83405D,PN,Sacile Grazia Deledda,Scuola Primaria
UDMM855019,UD,Sms G. Marchetti - Campoformido,Scuola Primo Grado
UDMM83902C,UD,U. Pellis - Castions,Scuola Primo Grado
PNMM82401N,PN,Sms G. Ungaretti,Scuola Primo Grado
UDAA83304B,UD,Visco,Scuola Infanzia
GOIC806005,GO,Istituto Comprens. Livio Verni,Istituto Comprensivo
UDIC85300L,UD,Gemona del Friuli,Istituto Comprensivo
TSTF003016,TS,J. Stefan-l.Ins.Slovena,Istituto Tecnico Industriale
GOIC80300N,GO,Giacich Ezio,Istituto Comprensivo
UDEE84806C,UD,San Giovanni,Scuola Primaria
UDAA85305N,UD,Via Piovega,Scuola Infanzia
UDAA842035,UD,Udine-a. Pick,Scuola Infanzia
TSEE818019,TS,F.Bevk - L.Ins.Slovena,Scuola Primaria
PNEE83102V,PN,Pordenone-via Fonda G.Narvesa,Scuola Primaria
UDAA842057,UD,Via Laipacco,Scuola Infanzia
TSEE80402C,TS,A. Loreti,Scuola Primaria
PNIC82400L,PN,Ic Prata di Porden.F.Da Prata,Istituto Comprensivo
PNAA82803V,PN,Maniago - Fratta,Scuola Infanzia
UDEE83902D,UD,Mortegliano- Via L. Da Vinci,Scuola Primaria
UDAA854019,UD,Tolmezzo/v. della Vittoria,Scuola Infanzia
TSAA80602V,TS,Silvio Rutteri,Scuola Infanzia
UDIC83300B,UD,Palmanova,Istituto Comprensivo
GOPM00201D,GO,Simon Gregorcic (l.Slovena),Istituto Magistrale
PNAA834025,PN,Sacile - Cornadella Archimede,Scuola Infanzia
GOEE80501B,GO,L. Brumati,Scuola Primaria
UDMM82603B,UD,Ippolito Nievo - Pradamano,Scuola Primo Grado
PNIS00200X,PN,Is G.A. Pujati,Istituto Superiore
GOEE80301Q,GO,N. Sauro,Scuola Primaria
UDMM842017,UD,Valussi - Udine,Scuola Primo Grado
UDIC842006,UD,Ii - Udine,Istituto Comprensivo
TSEE81803B,TS,P.Tomazic - L.Ins.Slovena,Scuola Primaria
PNAA83101L,PN,Pordenone-torre,Scuola Infanzia
GOTD00401X,GO,Ziga Zois (lingua Slovena),Istituto Tecnico Commerciale
GOAA80401A,GO,Carlo Collodi,Scuola Infanzia
TSAA80601T,TS,Mons.Edoardo Marzari,Scuola Infanzia
PNEE828023,PN,Maniago-campagna S.Giov.Bosco,Scuola Primaria
UDEE85403L,UD,Padre Davide Maria Turoldo,Scuola Primaria
UDAA84005G,UD,Malborghetto/ugovizza,Scuola Infanzia
TSAA800031,TS,Di Aurisina,Scuola Infanzia
TSAA805023,TS,Fulvio Tomizza,Scuola Infanzia
PNEE83403B,PN,Sacile-san Michele G.Marconi,Scuola Primaria
PNPS00101E,PN,Ettore Majorana,Liceo Scientifico
GOEE806039,GO,G. Carducci,Scuola Primaria
UDAA833029,UD,S.Maria La Longa/ Cap.,Scuola Infanzia
PNEE83201N,PN,Pn-comina Bassa Iv Novembre,Scuola Primaria
UDAA826026,UD,Le Colline dei Bimbi - Camino,Scuola Infanzia
TSIS00400D,TS,Isis Carducci - Dante,Istituto Superiore
PNEE814014,PN,Pasiano-cap. Dante Alighieri,Scuola Primaria
TSAA806063,TS,Antonio Illersberg,Scuola Infanzia
GOAA80403C,GO,Via della Poma,Scuola Infanzia
UDEE842029,UD,Udine-p. Zorutti,Scuola Primaria
PNMM828022,PN,Vivaro,Scuola Primo Grado
UDEE84005R,UD,Carlo Collodi-fraz.Ugovizza,Scuola Primaria
TSAA80001V,TS,Villaggio del Pescatore,Scuola Infanzia
TSEE80401B,TS,E. De Amicis,Scuola Primaria
PNEE834019,PN,Sacile-s.Giovanni L. Alighieri,Scuola Primaria
GOAA806012,GO,Via Gen. Paolini,Scuola Infanzia
UDMM83301C,UD,P. Zorutti - Palmanova,Scuola Primo Grado
UDEE82603C,UD,Dante Alighieri - Buttrio,Scuola Primaria
TSAA818025,TS,M. Stoka - L.Ins.Slovena,Scuola Infanzia
PNEE83203Q,PN,Pordenone-v.Le Triestegabelli,Scuola Primaria
TSPM004011,TS,Giosuè Carducci,Istituto Magistrale
GOAA806034,GO,Via Matteotti,Scuola Infanzia
PNPM00201B,PN,G.A. Pujati,Istituto Magistrale
UDEE84203A,UD,Luigi Garzoni - Via Ronchi,Scuola Primaria
PNAA81602G,PN,Caneva - Sarone S.Giuseppe,Scuola Infanzia
TSIC806001,TS,Ist. Compr. Altipiano,Istituto Comprensivo
PNMM828011,PN,Sms G. Marconi,Scuola Primo Grado
TSIC800002,TS,Ist. Compr. Rainer Maria Rilke,Istituto Comprensivo
TSAA80201E,TS,Di Melara,Scuola Infanzia
PNMM834018,PN,Sms M. e P. Balliana-i. Nievo,Scuola Primo Grado
UDAA83701G,UD,Piccola Resi,Scuola Infanzia
UDIC826008,UD,Antonio Coceani - Pavia di U,Istituto Comprensivo
UDAA827022,UD,Povoletto/marsure,Scuola Infanzia
TSCT70000V,TS,Centro Territoriale 18 Distretto,Centro Territoriale
PNPQ00201G,PN,G.A. Pujati- (ex F. Aporti),Scuola Magistrale
UDAA81204A,UD,Treppo Carnico,Scuola Infanzia
PNMM814013,PN,Celso Costantini,Scuola Primo Grado
PNAA82801R,PN,Maniago-cap.Monumento Caduti,Scuola Infanzia
TSEE806046,TS,G. Venezian,Scuola Primaria
UDIC83700P,UD,Università Castrense,Istituto Comprensivo
UDAA842024,UD,Udine - Sorelle Agazzi,Scuola Infanzia
UDMM80903N,UD,A. Magrini - Ovaro,Scuola Primo Grado
TSEE80203T,TS,C. Collodi,Scuola Primaria
TSEE800047,TS,Santa Croce,Scuola Primaria
PNIS001004,PN,I.I.S. G. Leopardi-e. Majorana,Istituto Superiore
UDPC002028,UD,ISTITUTO MAGISTRALE ANNESSO CONV. NAZ.,LICEO CLASSICO
GOMM806016,GO,Corridoni Filippo,Scuola Primo Grado
UDMM827015,UD,I. Pirona - Povoletto,Scuola Primo Grado
UDAA83303A,UD,Trivignano,Scuola Infanzia
PNRI00301B,PN,L. Zanussi,Istituto Professionale Industria e Artigianato
PNIC83200G,PN,Ic Pordenone Centro,Istituto Comprensivo
TSPC00401R,TS,Dante Alighieri,Liceo Classico
PNIC814002,PN,Ic Pasianocard.C.Costantini,Istituto Comprensivo
GOAA81205D,GO,Scuola dell'infanzia Mavrica,Scuola Infanzia
UDEE819039,UD,Luigi Bevilacqua - Flaibano,Scuola Primaria
TSEE806035,TS,J. Kugy,Scuola Primaria
PNAA82804X,PN,Maniago -via Campagna,Scuola Infanzia
UDCT70200L,UD,Centro Terr.Le Perm.Te Tolmezzo,Centro Territoriale
UDPC002017,UD,LICEO CLASSICO DIACONO ANNESSO CONV.NAZ.,LICEO CLASSICO
UDEE84205C,UD, S. Pellico . S. Osvaldo,Scuola Primaria
PNPC00101B,PN,Giacomo Leopardi,Liceo Classico
TSAA80603X,TS,Marcello Fraulini,Scuola Infanzia
UDRA01101P,UD,"""S. SABBATINI""",IST PROF PER L'AGRICOLTURA E L'AMBIENTE
PNMM81601P,PN,Enrico Fermi - Caneva,Scuola Primo Grado
UDIC83800E,UD,Lestizza - Talmassons,Istituto Comprensivo
UDEE819028,UD,Don Ugo Masotti-cisterna,Scuola Primaria
UDEE827016,UD,Piazza Vittorio Veneto,Scuola Primaria
TSCT70100P,TS,Centro Territoriale 16 Distretto,Centro Territoriale
GOSD007012,GO,M.Fabiani,Istituto d'Arte
PNEE81501X,PN,Azzano X-corva A.Diaz,Scuola Primaria
PNPS003016,PN,E. Torricelli,Liceo Scientifico
UDAA81102C,UD,Marano Lagunare,Scuola Infanzia
UDAA827011,UD,Faedis/campeglio,Scuola Infanzia
UDMM843013,UD,Fermi - Udine,Scuola Primo Grado
PNEE82903X,PN,S.Vito T.-ligugnanag.Marconi,Scuola Primaria
PNEE81603T,PN,Polcenigo V. Da Feltre,Scuola Primaria
UDTF004014,UD,Istituto Tecnico Tecnologico Plozner,Istituto Tecnico Industriale
UDEE83701R,UD,R. Marinotti,Scuola Primaria
TSMM700016,TS,CASA CIRCONDARIALE DI TRIESTE,SCUOLA PRIMO GRADO
UDEE80902N,UD,Don Massimo Felice - Ovaro,Scuola Primaria
UDEE827027,UD,Frazione Marsure di Magredis,Scuola Primaria
PNEE815021,PN,Azzano X-fagnigolan.Sauro,Scuola Primaria
UDIC843002,UD,Iv - Udine,Istituto Comprensivo
TSEE806024,TS,C. Lona,Scuola Primaria
PNEE828012,PN,Maniago-cap. Dante Alighieri,Scuola Primaria
UDCT700001,UD,Centro Terr.Le Perm.Te Udine,Centro Territoriale
UDEE852031,UD,R. Battistig-s.Giacomo Ragogn,Scuola Primaria
GOEE81203L,GO,Scuola Primaria Josip Abram,Scuola Primaria
GOIC814004,GO,Ic Gorizia 2,Istituto Comprensivo
UDTD00401T,UD,Istituto Tecnico Economico Mattei,Istituto Tecnico Commerciale
UDAA80901B,UD,Guglielmo De Antoni,Scuola Infanzia
UDPS00201A,UD,L.SCIENTIFICO ANNESSO CONV.NAZ.,LICEO SCIENTIFICO
PNMM81701E,PN,I. Svevo Chions,Scuola Primo Grado
UDEE823053,UD,Mediis,Scuola Primaria
GOIS007005,GO,Gabriele D'annunzio,Istituto Superiore
UDAA819012,UD,Coseano/cisterna,Scuola Infanzia
UDEE81207P,UD,Paularo,Scuola Primaria
UDAA827033,UD,Attimis,Scuola Infanzia
UDIC847009,UD,Cervignano,Istituto Comprensivo
TSPC02000N,TS,Francesco Petrarca,Liceo Classico
TSIC80900C,TS,Ist. Compr. Antonio Bergamas,Istituto Comprensivo
UDCT70700Q,UD,Centro Terr.Le Perm.Te Cividale,Centro Territoriale
UDEE843025,UD,A.Zardini/cussignacco,Scuola Primaria
GOEE81202G,GO,Scuola Primaria Fran Erjavec,Scuola Primaria
UDMM821016,UD,A.Venier - Aiello del Friuli,Scuola Primo Grado
UDRI004017,UD,Ipsial.Plozner-latisana,Istituto Professionale Industria e Artigianato
PNEE82901T,PN,S.Vito Al T.-cap.A.L. Moro,Scuola Primaria
PNEE81602R,PN,Caneva-cap. Umberto I,Scuola Primaria
TSMM042005,TS,CPIA 1 TRIESTE,SCUOLA PRIMO GRADO
UDMM80906R,UD,Sappada Sec. I Grado,Scuola Primo Grado
GOTE00701V,GO,Gabriele D'annunzio,Istituto Tecnico per Attività Sociali (già ITF)
PNIC81500T,PN,Ic Azzano Decimon.Cantarutti,Istituto Comprensivo
UDAA85304L,UD,Montenars,Scuola Infanzia
UDCT70300C,UD,Centro Terr.Le Perm.Te Codroipo,Centro Territoriale
TSAA820058,TS,Mavrica - L.Ins.Slovena,Scuola Infanzia
UDEE81201C,UD,Cercivento,Scuola Primaria
UDMM827026,UD,Via Pranuf - Faedis,Scuola Primo Grado
GOEE814049,GO,Elisa Frinta,Scuola Primaria
UDEE843014,UD,Boschetti Alberti,Scuola Primaria
UDEE84702C,UD,Riccardo Pitteri,Scuola Primaria
UDMM85202V,UD,Sms Via A. Tissino - Ragogna,Scuola Primo Grado
GOMM81201D,GO,Sc. Sec.Di I. Grado Ivan Trinko,Scuola Primo Grado
UDIS00400G,UD,Istituto Superiore E.Mattei Latisana,Istituto Superiore
PNEE82902V,PN,S.Vito Tagl.La Nostra Famiglia,Scuola Primaria
UDRC00401E,UD,Ipsc E.Mattei-latisana,Istituto Professionale per i Servizi Commerciali
UDEE80903P,UD,Aulo Magrini - Prato Carnico,Scuola Primaria
UDEE827038,UD,Giosuè Carducci-attimis,Scuola Primaria
GOEE81001V,GO,E.De Amicis,Scuola Primaria
UDEE848017,UD,Via Libertà Tempo Modulare,Scuola Primaria
TSAA820025,TS,Miskolin - L.Ins.Slovena,Scuola Infanzia
UDAA821023,UD,G. Rodari,Scuola Infanzia
UDMM84502Q,UD,Michele Gortani - Trasaghis,Scuola Primo Grado
TSRC001011,TS,Scipione De Sandrinelli,Istituto Professionale per i Servizi Commerciali
PNEE83202P,PN,Pordenone-via Molinaricollodi,Scuola Primaria
GOEE814038,GO,Vitaliano Fumagalli,Scuola Primaria
GOTF00801D,GO,G. Galilei,Istituto Tecnico Industriale
UDMM700018,UD,CASA CIRCONDARIALE,SCUOLA PRIMO GRADO
UDAA85202P,UD,S.Daniele/villanova,Scuola Infanzia
UDTN00401Q,UD,Istit. Tecn. per Il Turismo di Brazzà,Istituto Tecnico per il Turismo
UDAA81206C,UD,Ravascletto,Scuola Infanzia
GOAA812019,GO,Scuola dell'inf. Pikapolonica,Scuola Infanzia
TSEE81002Q,TS,E. De Marchi,Scuola Primaria
UDAA822041,UD,Scuola Infanzia Duca D'aosta,Scuola Infanzia
PNIC81700D,PN,Ic Chions,Istituto Comprensivo
PNMM827015,PN,L. Da Vinci Cordenons,Scuola Primo Grado
UDEE81104Q,UD,E F Duca D'aosta - Precenicco,Scuola Primaria
GOEE810031,GO,N.Tommaseo,Scuola Primaria
GOIS008001,GO,Galileo Galilei,Istituto Superiore
UDIC827004,UD,Istituto Comprensivo di Faedis,Istituto Comprensivo
UDMM848027,UD,A. Schweitzer - San Giovanni,Scuola Primo Grado
UDEE85301P,UD,Fraz. Ospedaletto,Scuola Primaria
UDAA84505P,UD,Fratelli Cervi - Venzone,Scuola Infanzia
TSIS001002,TS,Da Vinci - Carli - De Sandrinelli,Istituto Superiore
UDMM098007,UD,CPIA 1 UDINE,SCUOLA PRIMO GRADO
UDMM85201T,UD,Sms Pellegrino Da S. Daniele,Scuola Primo Grado
TSMM81001N,TS,Italo Svevo,Scuola Primo Grado
GOPC00101D,GO,Dante Alighieri,Liceo Classico
UDMM81201B,UD,A. Matiz - Paluzza,Scuola Primo Grado
UDIC821005,UD,Destra Torre - Aiello del Fr.,Istituto Comprensivo
PNEE827027,PN,Cordenons-nogaredo E. De Amicis,Scuola Primaria
GOAA81005T,GO,Brigata Avellino,Scuola Infanzia
UDAA848056,UD,San Giovanni Al Nat/v.Scuole,Scuola Infanzia
UDTF00601Q,UD,D'aronco - I.T.I.,Istituto Tecnico Industriale
UDEE81105R,UD,Marconi -palazzolo Dello Stella,Scuola Primaria
UDEE831041,UD,Gugliemo Marconi - Moimacco,Scuola Primaria
UDMM85301N,UD,Gen. Cantore - Gemona,Scuola Primo Grado
UDEE828034,UD,Madonna di Buja,Scuola Primaria
UDCT705004,UD,Centro Terr.Le Perm. I.I.Sup. Gemona,Centro Territoriale
UDEE85201V,UD,Dante Alighieri,Scuola Primaria
UDAA84502G,UD,Resia,Scuola Infanzia
GOAA81203B,GO,Scuola dell'infanzia Ringaraja,Scuola Infanzia
GOMM814015,GO,V- Locchi,Scuola Primo Grado
UDPS004012,UD,Liceo Scientifico-linguistico Martin,Liceo Scientifico
UDAA812039,UD,Paluzza,Scuola Infanzia
PNAA83201C,PN,Pordenonevittorio Emanuele Ii,Scuola Infanzia
TSEE81003R,TS,San Giusto Martire,Scuola Primaria
UDEE81102N,UD,Galileo Galilei Marano Lag.,Scuola Primaria
UDIC848005,UD,Manzano,Istituto Comprensivo
UDEE85302Q,UD,Artegna,Scuola Primaria
GOIC81000R,GO,Perco,Istituto Comprensivo
UDEE828012,UD,Buia/ S. Stefano,Scuola Primaria
UDMM83101R,UD,I. Nievo - Premariacco,Scuola Primo Grado
PNIS01200E,PN,I.S.I.S. Mattiussi - Pertini,Istituto Superiore
TSEE800025,TS,Dante Alighieri,Scuola Primaria
PNAA83202D,PN,Pordenone-via Beata Domicilla,Scuola Infanzia
UDIC84500N,UD,Trasaghis,Istituto Comprensivo
TSIS00200T,TS,Isis Nautico T. di Savoia - L. Galvani,Istituto Superiore
UDEE82004E,UD,I.M.S.Maria dei Collifraelacc,Scuola Primaria
GOAA800024,GO,Viale Roma,Scuola Infanzia
UDEE81202D,UD,Sutrio,Scuola Primaria
TSIC81000L,TS,Ist. Compr. Italo Svevo,Istituto Comprensivo
PNMM83201L,PN,Sms Centro Storico,Scuola Primo Grado
GOEE81205P,GO,Scuola Primaria Ludvik Zorzut,Scuola Primaria
UDEE81103P,UD,Luigi Sbaiz - Muzzana del Turgn,Scuola Primaria
PNTL012017,PN,Its Sett.Tec.C.A.T Geometri. S. Pertini,Istituto Tecnico per Geometri
GOEE81002X,GO,G.Galilei,Scuola Primaria
TSEE81103L,TS,G. Rodari,Scuola Primaria
UDAA847027,UD,C. Lorenzini Collodi,Scuola Infanzia
UDAA830051,UD,Magnano In Riviera,Scuola Infanzia
UDRI00601V,UD,R.D'aronco,Istituto Professionale Industria e Artigianato
UDAA85301D,UD,Gemona,Scuola Infanzia
TSAA800042,TS,Di Santa Croce,Scuola Infanzia
GOAA81202A,GO,Scuola dell'inf. Pika Nogavicka,Scuola Infanzia
UDEE82003D,UD,G. Ellero Tricesimo,Scuola Primaria
UDAA81207D,UD,Arta Terme/piano D'arta,Scuola Infanzia
TSEE81001P,TS,B. Marin,Scuola Primaria
UDMM81801A,UD,Div.Ne Julia - Fagagna,Scuola Primo Grado
UDAA84602B,UD,Cipì  Terzo di Aquileia,Scuola Infanzia
PNAA833029,PN,Pordenone-via Cappuccini,Scuola Infanzia
GOMM800017,GO,Pascoli Giovanni,Scuola Primo Grado
GOAA81002P,GO,Carlo Collodi,Scuola Infanzia
UDAA847049,UD,Vittorio Podrecca,Scuola Infanzia
UDRI006518,UD,CORSO SERALE IPSIA D'ARONCO,IST PROF INDUSTRIA E ARTIGIANATO
TSAA811019,TS,Bruno Munari,Scuola Infanzia
UDMM830022,UD,A.Angeli - Tarcento,Scuola Primo Grado
UDAA85404C,UD,Verzegnis/chiaicis,Scuola Infanzia
TSEE80101X,TS,U. Gaspardis,Scuola Primaria
PNTD01201R,PN,Itsse Odorico Mattiussi,Istituto Tecnico Commerciale
GOAA80201P,GO,Via Zucchelli,Scuola Infanzia
UDMM81202C,UD,J.Linussio - Paularo,Scuola Primo Grado
UDAA82202V,UD,Scuola Infanzia Pocenia,Scuola Infanzia
GOAA800046,GO,Scuola Materna di Brazzano,Scuola Infanzia
UDEE84503T,UD,Moggio Udinese,Scuola Primaria
PNAA82203X,PN,Porcia-s.Antonio Bruno Munari,Scuola Infanzia
TSEE81004T,TS,D. Lovisato,Scuola Primaria
PNEE83302E,PN,Pn-roraigrande M. Grigoletti,Scuola Primaria
GOIC81200C,GO,I.C. di Lingua Slovena -gorizia,Istituto Comprensivo
UDIS007003,UD,D'aquileia,Istituto Superiore
UDEE81101L,UD,Carducci - Carlino,Scuola Primaria
UDPS01801X,UD,Luigi Magrini,Liceo Scientifico
UDAA85403B,UD,Tolmezzo/betania,Scuola Infanzia
TSEE81102G,TS,G. Foschiatti,Scuola Primaria
UDMM830011,UD,T.Gori - Nimis,Scuola Primo Grado
PNTL01251L,PN,ITG SANDRO PERTINI SERALE,ISTITUTO TECNICO PER GEOMETRI
TSMM800024,TS,De Marchesetti - Sistiana,Scuola Primo Grado
UDAA847016,UD,Gianni Rodari,Scuola Infanzia
UDEE81803D,UD,Via dei Colli - Fagagna,Scuola Primaria
GOMM80201V,GO,Francesco Uldarico della Torre,Scuola Primo Grado
UDMM82002B,UD,A. De Gasperi -reana del Rojale,Scuola Primo Grado
UDIC822001,UD,Cuore Dello Stella - Rivignano,Istituto Comprensivo
PNEE83303G,PN,Pn-cappuccinip.Marco D'aviano,Scuola Primaria
GOAA800035,GO,Scuola Materna di Capriva del F,Scuola Infanzia
TSIC81100C,TS,Ist. Compr. Valmaura,Istituto Comprensivo
PNAA82201T,PN,Porcia - Palse Mariele Ventre,Scuola Infanzia
GOEE81201E,GO,Scuola Primaria Oton Zupancic,Scuola Primaria
UDMM84601E,UD,Pio Paschini - Aquileia,Scuola Primo Grado
UDEE84703D,UD,Vincenzo Gioberti,Scuola Primaria
UDIS006007,UD,D'aronco,Istituto Superiore
TSAA81102A,TS,Jean Piaget,Scuola Infanzia
UDEE830045,UD,ARMANDO DIAZ - TAIPANA,SCUOLA PRIMARIA
TSMM80101V,TS,F.Lli Fonda Savio - A. Manzoni,Scuola Primo Grado
GOAA80203R,GO,A. De Gasperi,Scuola Infanzia
UDAA855037,UD,Pozzuolo Fraz Terenzano,Scuola Infanzia
UDAA83101L,UD,G. Pontoni - Premariacco,Scuola Infanzia
UDAA812028,UD,Paluzza/timau,Scuola Infanzia
TSEE81101E,TS,D. Rossetti,Scuola Primaria
PNAA833018,PN,Pordenone-via Fiamme Gialle,Scuola Infanzia
UDEE81801B,UD,Mons. C. Fabbro -s.Vito di F.,Scuola Primaria
UDAA82305T,UD,Enemonzo,Scuola Infanzia
GOAA813037,GO,San Rocco,Scuola Infanzia
GOTL00801N,GO,N. Pacassi,Istituto Tecnico per Geometri
UDMM84602G,UD,Ugo Pellis - Fiumicello,Scuola Primo Grado
TSAA812015,TS,Franco Panizon,Scuola Infanzia
UDTD01801Q,UD,Giuseppe Marchetti,Istituto Tecnico Commerciale e per Geometri
GOEE801014,GO,V. Alfieri,Scuola Primaria
PNEE822046,PN,Porcia-roraipiccolov.Da Feltre,Scuola Primaria
PNMM82901R,PN,Sms Amalteo Pomponio-tommaseo,Scuola Primo Grado
TSIC80100T,TS,Ist. Compr. Marco Polo,Istituto Comprensivo
GOIC80200T,GO,Francesco Uldarico della Torre,Istituto Comprensivo
GOAA81101D,GO,Via Martiri - Lingua Slovena,Scuola Infanzia
UDEE84701B,UD,Angelo Molaro,Scuola Primaria
UDIC83000X,UD,Tarcento,Istituto Comprensivo
UDIC818009,UD,Divisione Julia - Fagagna,Istituto Comprensivo
UDEE84604P,UD,G. Leopardi - Villa Vicentina,Scuola Primaria
UDEE823042,UD,Sauris,Scuola Primaria
PNAA83303A,PN,Pordenone-via San Vito,Scuola Infanzia
GOAA801031,GO,Villesse,Scuola Infanzia
PNAA81204A,PN,Montereale -s. Leonardo,Scuola Infanzia
GOEE81304D,GO,G.Ungaretti,Scuola Primaria
UDRI00701P,UD,Ipsia Mattioni,Istituto Professionale Industria e Artigianato
TSEE81203C,TS,L. Mauro,Scuola Primaria
UDMM82301T,UD,M. Davanzo - Forni di Sopra,Scuola Primo Grado
UDIS01800D,UD,Magrini Marchetti,Istituto Superiore
UDIC856004,UD,Pasian di Prato,Istituto Comprensivo
GOEE801047,GO,E. De Amicis,Scuola Primaria
PNEE822024,PN,Porcia-palse G.Marconi,Scuola Primaria
GOEE81102Q,GO,Peter Butkovic - Lingua Slovena,Scuola Primaria
GOEE80201X,GO,R. Pitteri,Scuola Primaria
PNAA80801G,PN,Aviano Arcobaleno,Scuola Infanzia
UDMM84701A,UD,G. Randaccio - Cervignano,Scuola Primo Grado
PNIC81200A,PN,Ic Monterealep.D.M.Turoldo,Istituto Comprensivo
UDEE81802C,UD,San Giovanni Bosco- Ciconicco,Scuola Primaria
UDEE830023,UD,Lusevera-vedronza,Scuola Primaria
UDEE82302X,UD,Forni di Sopra,Scuola Primaria
TSEE80202R,TS,S. Pertini,Scuola Primaria
UDEE84602L,UD,Giuseppe Garibaldi - Fiumicello,Scuola Primaria
TSMM81101D,TS,Giuseppe Caprin,Scuola Primo Grado
PNEE83301D,PN,Pn-v. Carabiniere L.Radice,Scuola Primaria
GOAA80301E,GO,Via Gramsci,Scuola Infanzia
TSPS02000R,TS,Galileo Galilei,Liceo Scientifico
GOTF00851V,GO,GALILEI - SERALE,ISTITUTO TECNICO INDUSTRIALE
UDEE83101T,UD,I. Nievo - Premariacco,Scuola Primaria
UDPS01901Q,UD,P. Paschini,Liceo Scientifico
PNEE829041,PN,S.Vito T.-prodolonee.De Amicis,Scuola Primaria
PNMM813028,PN,A. Andreuzzi,Scuola Primo Grado
GOEE801025,GO,G.Mazzini,Scuola Primaria
GOAA81103G,GO,Via Jakil Lingua Slovena,Scuola Infanzia
TSEE801021,TS,A. Pittoni,Scuola Primaria
UDAA847038,UD,Claudio D'agostina,Scuola Infanzia
GOEE802021,GO,D.Alighieri,Scuola Primaria
UDAA82304R,UD,Socchieve/mediis,Scuola Infanzia
UDEE83103X,UD,Edmondo De Amicis -remanzacco,Scuola Primaria
UDIC81600N,UD,G.Carducci - Lignano Sabbiadoro,Istituto Comprensivo
UDAA83004X,UD,Lusevera/vedronza,Scuola Infanzia
GOIC813008,GO,Istituto Comprensivo Gorizia 1,Istituto Comprensivo
TSPS010006,TS,F.Preseren-l.Ins.Slovena,Liceo Scientifico
GOTD008017,GO,Enrico Fermi,Istituto Tecnico Commerciale
UDAA82302P,UD,Forni di Sotto,Scuola Infanzia
PNEE81201C,PN,Montereale P.David M.Turoldo,Scuola Primaria
UDIS019009,UD,Paschini - Linussio,Istituto Superiore
PNEE813029,PN,Sequals-lestans G.Marconi,Scuola Primaria
GOEE801036,GO,A. Manzoni,Scuola Primaria
PNIC82900Q,PN,Ic S.Vito Al Tagliamen.M.Hack,Istituto Comprensivo
PNIC822001,PN,Ic Porcia Jacopo di Porcia,Istituto Comprensivo
GOIC81100L,GO,I.C.Doberdò In Lingua Slovena,Istituto Comprensivo
UDMM856015,UD,Sms G.D. Bertoli - Pasian di Pr,Scuola Primo Grado
PNEE80803V,PN,Aviano-marsure G.D'annunzio,Scuola Primaria
UDEE84704E,UD,Abate Biavi,Scuola Primaria
TSSD010502,TS,ENRICO E UMBERTO NORDIO,ISTITUTO D'ARTE
UDMM81601P,UD,G. Carducci - Lignano Sabb.,Scuola Primo Grado
UDAA83002T,UD,Tarcento/coia,Scuola Infanzia
UDAA82301N,UD,Forni di Sopra,Scuola Infanzia
PNSD020009,PN,Liceo Artistico Statale Enrico Galvani,Istituto d'Arte
GOIS00900R,GO,Michelangelo Buonarroti,Istituto Superiore
PNMM81202C,PN,Giovanni Pascoli,Scuola Primo Grado
GOMM80301P,GO,Giacich Ezio,Scuola Primo Grado
UDIC83100Q,UD,Tina Modotti di Premariacco,Istituto Comprensivo
UDTF01401P,UD,Iti F. Solari Tolmezzo,Istituto Tecnico Industriale
